<?xml version="1.0" encoding="UTF-8"?>
<project-private xmlns="http://www.netbeans.org/ns/project-private/1">
    <editor-bookmarks xmlns="http://www.netbeans.org/ns/editor-bookmarks/2" lastBookmarkId="0"/>
    <open-files xmlns="http://www.netbeans.org/ns/projectui-open-files/2">
        <group>
            <file>file:/C:/Users/parminder%20singh/Documents/humber/computer%20programming/Semester%204/Distribution%20computing%20using%20java/PrintMarketingProject/src/java/ClientsPackage/Clients.java</file>
            <file>file:/C:/Users/parminder%20singh/Documents/humber/computer%20programming/Semester%204/Distribution%20computing%20using%20java/PrintMarketingProject/web/ClientList.jsp</file>
            <file>file:/C:/Users/parminder%20singh/Documents/humber/computer%20programming/Semester%204/Distribution%20computing%20using%20java/PrintMarketingProject/src/java/ClientsPackage/ClientsDAO.java</file>
            <file>file:/C:/Users/parminder%20singh/Documents/humber/computer%20programming/Semester%204/Distribution%20computing%20using%20java/PrintMarketingProject/web/ClientForm.jsp</file>
            <file>file:/C:/Users/parminder%20singh/Documents/humber/computer%20programming/Semester%204/Distribution%20computing%20using%20java/PrintMarketingProject/web/error.jsp</file>
            <file>file:/C:/Users/parminder%20singh/Documents/humber/computer%20programming/Semester%204/Distribution%20computing%20using%20java/PrintMarketingProject/nbproject/build-impl.xml</file>
            <file>file:/C:/Users/parminder%20singh/Documents/humber/computer%20programming/Semester%204/Distribution%20computing%20using%20java/PrintMarketingProject/src/java/ClientsPackage/ClientServlet.java</file>
        </group>
    </open-files>
</project-private>
