<?xml version="1.0" encoding="UTF-8"?>
<project-private xmlns="http://www.netbeans.org/ns/project-private/1">
    <editor-bookmarks xmlns="http://www.netbeans.org/ns/editor-bookmarks/2" lastBookmarkId="0"/>
    <open-files xmlns="http://www.netbeans.org/ns/projectui-open-files/2">
        <group>
            <file>file:/C:/Users/user/Desktop/javaFINAL%20LA/javaFinalP/src/java/dao/LocationDao.java</file>
            <file>file:/C:/Users/user/Desktop/javaFINAL%20LA/javaFinalP/src/java/services/RegisterService.java</file>
            <file>file:/C:/Users/user/Desktop/javaFINAL%20LA/javaFinalP/web/viewLocationList.jsp</file>
            <file>file:/C:/Users/user/Desktop/javaFINAL%20LA/javaFinalP/web/css/style.css</file>
            <file>file:/C:/Users/user/Desktop/javaFINAL%20LA/javaFinalP/web/registerClients.jsp</file>
            <file>file:/C:/Users/user/Desktop/javaFINAL%20LA/javaFinalP/src/java/servlet/RegisterServlet.java</file>
            <file>file:/C:/Users/user/Desktop/javaFINAL%20LA/javaFinalP/src/java/dao/RegisterDao.java</file>
            <file>file:/C:/Users/user/Desktop/javaFINAL%20LA/javaFinalP/src/java/services/LocationService.java</file>
            <file>file:/C:/Users/user/Desktop/javaFINAL%20LA/javaFinalP/src/java/model/Clients.java</file>
            <file>file:/C:/Users/user/Desktop/javaFINAL%20LA/javaFinalP/src/java/model/Location.java</file>
            <file>file:/C:/Users/user/Desktop/javaFINAL%20LA/javaFinalP/web/registerUser.jsp</file>
            <file>file:/C:/Users/user/Desktop/javaFINAL%20LA/javaFinalP/web/registerLocation.jsp</file>
            <file>file:/C:/Users/user/Desktop/javaFINAL%20LA/javaFinalP/src/java/model/User.java</file>
            <file>file:/C:/Users/user/Desktop/javaFINAL%20LA/javaFinalP/web/editUserForm.jsp</file>
            <file>file:/C:/Users/user/Desktop/javaFINAL%20LA/javaFinalP/web/viewUserList.jsp</file>
            <file>file:/C:/Users/user/Desktop/javaFINAL%20LA/javaFinalP/web/login.jsp</file>
            <file>file:/C:/Users/user/Desktop/javaFINAL%20LA/javaFinalP/web/editClientsForm.jsp</file>
            <file>file:/C:/Users/user/Desktop/javaFINAL%20LA/javaFinalP/web/WEB-INF/web.xml</file>
        </group>
    </open-files>
</project-private>
