<?xml version="1.0" encoding="UTF-8"?>
<project-private xmlns="http://www.netbeans.org/ns/project-private/1">
    <editor-bookmarks xmlns="http://www.netbeans.org/ns/editor-bookmarks/2" lastBookmarkId="0"/>
    <open-files xmlns="http://www.netbeans.org/ns/projectui-open-files/2">
        <group>
            <file>file:/C:/Users/user/Desktop/FinalProject/src/java/services/RegisterService.java</file>
            <file>file:/C:/Users/user/Desktop/FinalProject/web/WEB-INF/web.xml</file>
            <file>file:/C:/Users/user/Desktop/FinalProject/src/java/model/User.java</file>
            <file>file:/C:/Users/user/Desktop/FinalProject/web/viewUserList.jsp</file>
            <file>file:/C:/Users/user/Desktop/FinalProject/web/registerUser.jsp</file>
            <file>file:/C:/Users/user/Desktop/FinalProject/src/java/dao/RegisterDao.java</file>
            <file>file:/C:/Users/user/Desktop/FinalProject/src/java/servlet/RegisterServlet.java</file>
            <file>file:/C:/Users/user/Desktop/FinalProject/web/editUserForm.jsp</file>
        </group>
    </open-files>
</project-private>
